{
  "103": {
    "\u81fa\u5317\u5e02": {
      "\u4e2d\u5c71\u5340": 703987.081147531,
      "\u4e2d\u6b63\u5340": 771771.8050621032,
      "\u4fe1\u7fa9\u5340": 773262.25370589,
      "\u5167\u6e56\u5340": 571483.1372119753,
      "\u5317\u6295\u5340": 479072.59406572167,
      "\u5357\u6e2f\u5340": 589031.7416258517,
      "\u58eb\u6797\u5340": 607328.7633442676,
      "\u5927\u540c\u5340": 588227.3406100833,
      "\u5927\u5b89\u5340": 924302.3556810453,
      "\u6587\u5c71\u5340": 489851.37717819,
      "\u677e\u5c71\u5340": 781405.8396610313,
      "\u842c\u83ef\u5340": 452609.16171153955,
      "\u81fa\u5317\u5e02": 640734.6264240718
    },
    "\u81fa\u4e2d\u5e02": {
      "\u4e2d\u5340": 111899.41824174178,
      "\u5317\u5340": 187611.09779382046,
      "\u5317\u5c6f\u5340": 191294.3525878789,
      "\u5357\u5340": 173035.09524019976,
      "\u5357\u5c6f\u5340": 227517.99901973174,
      "\u540e\u91cc\u5340": 165584.0036730946,
      "\u5916\u57d4\u5340": 106816.77155205095,
      "\u5927\u5b89\u5340": 85896.1038961039,
      "\u5927\u7532\u5340": 128684.73829201101,
      "\u5927\u809a\u5340": 133525.03244313915,
      "\u5927\u91cc\u5340": 169533.2024888295,
      "\u5927\u96c5\u5340": 177644.50531286895,
      "\u592a\u5e73\u5340": 166426.7504653014,
      "\u65b0\u793e\u5340": 108498.70129870131,
      "\u6771\u52e2\u5340": 98903.4445315799,
      "\u6771\u5340": 181156.88347738312,
      "\u68a7\u68f2\u5340": 121457.5086712628,
      "\u6c99\u9e7f\u5340": 161741.42616070271,
      "\u6e05\u6c34\u5340": 128636.66845551143,
      "\u6f6d\u5b50\u5340": 176068.16671109927,
      "\u70cf\u65e5\u5340": 171967.9001947676,
      "\u77f3\u5ca1\u5340": 132387.19008264464,
      "\u795e\u5ca1\u5340": 158888.35205198842,
      "\u897f\u5340": 196876.97275202925,
      "\u897f\u5c6f\u5340": 245086.74687233867,
      "\u8c50\u539f\u5340": 176538.87520929775,
      "\u9727\u5cf0\u5340": 129271.9374669218,
      "\u9f8d\u4e95\u5340": 143100.99173553722,
      "\u81fa\u4e2d\u5e02": 187240.57661022677
    },
    "\u57fa\u9686\u5e02": {
      "\u4e03\u5835\u5340": 166507.9934150357,
      "\u4e2d\u5c71\u5340": 106346.84507411781,
      "\u4e2d\u6b63\u5340": 112823.18439739665,
      "\u4ec1\u611b\u5340": 207532.14664123754,
      "\u4fe1\u7fa9\u5340": 143922.42123374608,
      "\u5b89\u6a02\u5340": 116785.6088849493,
      "\u6696\u6696\u5340": 124380.4152111556,
      "\u57fa\u9686\u5e02": 132954.49925027025
    },
    "\u81fa\u5357\u5e02": {
      "\u4e03\u80a1\u5340": 50915.70247933884,
      "\u4e0b\u71df\u5340": 90128.52082981954,
      "\u4e2d\u897f\u5340": 139961.42968865592,
      "\u4ec1\u5fb7\u5340": 127475.70701557914,
      "\u4f73\u91cc\u5340": 100982.5349701784,
      "\u516d\u7532\u5340": 78541.79456906731,
      "\u5317\u5340": 160884.74753030422,
      "\u5317\u9580\u5340": 96108.72359963269,
      "\u5357\u5316\u5340": 101167.41440377805,
      "\u5357\u5340": 125574.27127805413,
      "\u5584\u5316\u5340": 140617.15367965368,
      "\u5927\u5167\u5340": 27517.906336088152,
      "\u5b78\u7532\u5340": 76451.25706829056,
      "\u5b89\u5357\u5340": 140454.80910611976,
      "\u5b89\u5b9a\u5340": 104624.07963936891,
      "\u5b89\u5e73\u5340": 132671.05430454714,
      "\u5b98\u7530\u5340": 78196.43323183994,
      "\u5c07\u8ecd\u5340": 48122.681359045,
      "\u5c71\u4e0a\u5340": 73389.93238166791,
      "\u5de6\u93ae\u5340": 92185.12396694215,
      "\u5f8c\u58c1\u5340": 62059.76340949603,
      "\u65b0\u5316\u5340": 103429.346092504,
      "\u65b0\u5e02\u5340": 132512.5177511349,
      "\u65b0\u71df\u5340": 97135.18482926517,
      "\u6771\u5340": 154828.11810360718,
      "\u6771\u5c71\u5340": 60106.15243342516,
      "\u67f3\u71df\u5340": 97852.67865824015,
      "\u6960\u897f\u5340": 93569.91735537192,
      "\u6b78\u4ec1\u5340": 117550.64362634611,
      "\u6c38\u5eb7\u5340": 128877.37035354218,
      "\u7389\u4e95\u5340": 80268.31955922865,
      "\u767d\u6cb3\u5340": 89668.00472255018,
      "\u897f\u6e2f\u5340": 91122.0104570754,
      "\u95dc\u5edf\u5340": 99745.22390928312,
      "\u9e7d\u6c34\u5340": 73217.39886907351,
      "\u9ebb\u8c46\u5340": 112692.86345444151,
      "\u9f8d\u5d0e\u5340": "NaN",
      "\u81fa\u5357\u5e02": 131169.30579112793
    },
    "\u9ad8\u96c4\u5e02": {
      "\u4e09\u6c11\u5340": 157950.50594407416,
      "\u4ec1\u6b66\u5340": 169477.60532150776,
      "\u5167\u9580\u5340": 40498.07162534435,
      "\u516d\u9f9c\u5340": 86553.24675324676,
      "\u524d\u91d1\u5340": 189395.23321485423,
      "\u524d\u93ae\u5340": 174628.45934583995,
      "\u5927\u5bee\u5340": 113526.78803025572,
      "\u5927\u6a39\u5340": 80735.43016826209,
      "\u5927\u793e\u5340": 121979.37138023037,
      "\u5c0f\u6e2f\u5340": 128235.58820528518,
      "\u5ca1\u5c71\u5340": 129681.68948568062,
      "\u5de6\u71df\u5340": 192341.41900792756,
      "\u5f4c\u9640\u5340": 74680.74686256505,
      "\u65b0\u8208\u5340": 177700.3661837287,
      "\u65d7\u5c71\u5340": 71619.8347107438,
      "\u65d7\u6d25\u5340": 93608.71525169046,
      "\u6749\u6797\u5340": 72744.13223140496,
      "\u6797\u5712\u5340": 73264.79865661322,
      "\u6843\u6e90\u5340": 36495.86776859504,
      "\u6893\u5b98\u5340": 98516.52892561984,
      "\u6960\u6893\u5340": 143734.88151983815,
      "\u6a4b\u982d\u5340": 154309.9409681228,
      "\u6c38\u5b89\u5340": 69810.34588307317,
      "\u6e56\u5167\u5340": 87744.90138619077,
      "\u71d5\u5de2\u5340": 113987.66058424025,
      "\u7530\u5bee\u5340": "NaN",
      "\u7532\u4ed9\u5340": 33137.55739210285,
      "\u7f8e\u6fc3\u5340": 76448.34710743802,
      "\u82d3\u96c5\u5340": 191182.36732162078,
      "\u8304\u8423\u5340": 76123.25217779764,
      "\u8def\u7af9\u5340": 134915.79231045634,
      "\u90a3\u746a\u590f\u5340": "NaN",
      "\u963f\u84ee\u5340": 115470.62937062937,
      "\u9ce5\u677e\u5340": 168852.54999357686,
      "\u9cf3\u5c71\u5340": 142851.72373081464,
      "\u9e7d\u57d5\u5340": 120537.18052835236,
      "\u9f13\u5c71\u5340": 211102.4577793748,
      "\u9ad8\u96c4\u5e02": 158339.74141730473
    },
    "\u65b0\u5317\u5e02": {
      "\u4e09\u5cfd\u5340": 229682.27987161724,
      "\u4e09\u829d\u5340": 98925.93072359388,
      "\u4e09\u91cd\u5340": 366286.5802713434,
      "\u4e2d\u548c\u5340": 420020.6903820817,
      "\u4e94\u80a1\u5340": 268956.5230493382,
      "\u516b\u91cc\u5340": 219862.9855371901,
      "\u571f\u57ce\u5340": 339296.4395238838,
      "\u576a\u6797\u5340": 33806.94214876033,
      "\u5e73\u6eaa\u5340": 367309.09090909094,
      "\u65b0\u5e97\u5340": 381114.7526027692,
      "\u65b0\u838a\u5340": 375038.15353054233,
      "\u677f\u6a4b\u5340": 423873.1320627424,
      "\u6797\u53e3\u5340": 302094.12204314105,
      "\u6a39\u6797\u5340": 254809.9506910202,
      "\u6c38\u548c\u5340": 469258.17828258284,
      "\u6c50\u6b62\u5340": 315017.33759886253,
      "\u6cf0\u5c71\u5340": 289504.194118178,
      "\u6de1\u6c34\u5340": 240066.55417378893,
      "\u6df1\u5751\u5340": 288591.2295496711,
      "\u70cf\u4f86\u5340": "NaN",
      "\u745e\u82b3\u5340": 86432.6579578779,
      "\u77f3\u7887\u5340": 136669.7520661157,
      "\u77f3\u9580\u5340": 76659.05334335087,
      "\u842c\u91cc\u5340": 70421.2333121424,
      "\u8606\u6d32\u5340": 344710.5364701817,
      "\u8ca2\u5bee\u5340": 57155.371900826445,
      "\u91d1\u5c71\u5340": 118427.91551882462,
      "\u96d9\u6eaa\u5340": 50970.2479338843,
      "\u9daf\u6b4c\u5340": 182818.93250688704,
      "\u65b0\u5317\u5e02": 332387.46578408894
    },
    "\u5b9c\u862d\u7e23": {
      "\u4e09\u661f\u9109": 120885.82113670991,
      "\u4e94\u7d50\u9109": 123364.35030210431,
      "\u51ac\u5c71\u9109": 133369.7994102745,
      "\u5357\u6fb3\u9109": 49919.00826446281,
      "\u54e1\u5c71\u9109": 130291.22695486333,
      "\u58ef\u570d\u9109": 103763.20615872297,
      "\u5927\u540c\u9109": "NaN",
      "\u5b9c\u862d\u5e02": 160238.56999977442,
      "\u7901\u6eaa\u9109": 215710.32941450356,